source,target,index,visible,cluster,origin,hasDistance,distance,distanceOrigin,directed,nn,selected
RES_1357,RES_1457,268277,true,240,Genetic Distance,true,0,Genetic Distance,false,NA,
RES_1814,RES_1815,284634,true,321,Genetic Distance,true,0,Genetic Distance,false,NA,
RES_1342,RES_1488,233583,true,289,Genetic Distance,true,0.000511210411787033,Genetic Distance,false,NA,
RES_1891,RES_1890,190630,true,47,Genetic Distance,true,0.00410253182053566,Genetic Distance,false,NA,
RES_1160b,RES_1160,266812,true,240,Genetic Distance,true,0.00410398421809077,Genetic Distance,false,NA,
RES_1278,RES_1214,226105,true,18,Genetic Distance,true,0.00462451484054327,Genetic Distance,false,NA,
RES_1186,RES_1185,210234,true,234,Genetic Distance,true,0.00615990161895752,Genetic Distance,false,NA,
RES_1357,RES_1160b,268276,true,240,Genetic Distance,true,0.00617399858310819,Genetic Distance,false,NA,
RES_1457,RES_1160b,267545,true,240,Genetic Distance,true,0.00617399858310819,Genetic Distance,false,NA,
RES_1357,RES_1160,268273,true,240,Genetic Distance,true,0.00720594637095928,Genetic Distance,false,NA,
RES_1457,RES_1160,267542,true,240,Genetic Distance,true,0.00720594637095928,Genetic Distance,false,NA,
RES_1707,RES_1707a,212869,true,423,Genetic Distance,true,0.00983099360018969,Genetic Distance,false,NA,
RES_1993,RES_1994,281673,true,128,Genetic Distance,true,0.0100791035220027,Genetic Distance,false,NA,
RES_1993,RES_1995,281836,true,128,Genetic Distance,true,0.0117513835430145,Genetic Distance,false,NA,
HIV_1203,HIV_1204,214721,true,451,Genetic Distance,true,0.0123967947438359,Genetic Distance,false,NA,
HIV_1154,HIV_1104,265576,true,63,Genetic Distance,true,0.0124837290495634,Genetic Distance,false,NA,
RES_1993,RES_1996,281713,true,128,Genetic Distance,true,0.0128979422152042,Genetic Distance,false,NA,
HIV_1066,HIV_1218,302255,true,4,Genetic Distance,true,0.0133443903177977,Genetic Distance,false,NA,
RES_1993,RES_1385,281808,true,128,Genetic Distance,true,0.0134688643738627,Genetic Distance,false,NA,
HIV_1017,HIV_1016,231764,true,4,Genetic Distance,true,0.0136466175317764,Genetic Distance,false,NA,
HIV_1017,HIV_1015,231765,true,4,Genetic Distance,true,0.0141575271263719,Genetic Distance,false,NA,
HIV_1054,HIV_1246,308922,true,4,Genetic Distance,true,0.0142107792198658,Genetic Distance,false,NA,
RES_1504,RES_1524,193619,true,163,Genetic Distance,true,0.0144656300544739,Genetic Distance,false,NA,
HIV_1330,HIV_1331,215879,true,494,Genetic Distance,true,0.0144989499822259,Genetic Distance,false,NA,
RES_1325a,RES_1325,250158,true,4,Genetic Distance,true,0.015503347851336,Genetic Distance,false,NA,
RES_1247,HIV_1337,291916,true,500,Genetic Distance,true,0.0157647840678692,Genetic Distance,false,NA,
RES_1192,RES_1190,308124,true,134,Genetic Distance,true,0.0158708915114403,Genetic Distance,false,NA,
RES_1526,RES_1506,274631,true,149,Genetic Distance,true,0.0160703398287296,Genetic Distance,false,NA,
HIV_1286,HIV_1286a,304648,true,392,Genetic Distance,true,0.016123853623867,Genetic Distance,false,NA,
HIV_1066,HIV_1372,302284,true,4,Genetic Distance,true,0.0163917858153582,Genetic Distance,false,NA,
HIV_1066,HIV_1171,302386,true,4,Genetic Distance,true,0.0171084497123957,Genetic Distance,false,NA,
RES_1336,RES_1335,289166,true,527,Genetic Distance,true,0.0176242664456367,Genetic Distance,false,NA,
HIV_1066,RES_1202,302271,true,4,Genetic Distance,true,0.0178683958947659,Genetic Distance,false,NA,
HIV_1066,HIV_1192,302265,true,4,Genetic Distance,true,0.0178685840219259,Genetic Distance,false,NA,
HIV_1001,HIV_1245,211676,true,4,Genetic Distance,true,0.0178837422281504,Genetic Distance,false,NA,
HIV_1066,RES_1258,302274,true,4,Genetic Distance,true,0.0178843978792429,Genetic Distance,false,NA,
HIV_1053,HIV_1052,271219,true,4,Genetic Distance,true,0.0180027298629284,Genetic Distance,false,NA,
RES_1993,RES_1387,281974,true,128,Genetic Distance,true,0.0180503875017166,Genetic Distance,false,NA,
HIV_1154,HIV_1151,265749,true,63,Genetic Distance,true,0.0180759783834219,Genetic Distance,false,NA,
RES_1192,RES_1212,307962,true,134,Genetic Distance,true,0.018266586586833,Genetic Distance,false,NA,
HIV_1054,HIV_1188,308968,true,4,Genetic Distance,true,0.0184680074453354,Genetic Distance,false,NA,
HIV_1054,HIV_1247,308923,true,4,Genetic Distance,true,0.0184681564569473,Genetic Distance,false,NA,
RES_1993,HIV_1242,281830,true,128,Genetic Distance,true,0.0185790583491325,Genetic Distance,false,NA,
HIV_1066,RES_1263,302279,true,4,Genetic Distance,true,0.0185795314610004,Genetic Distance,false,NA,
HIV_1066,HIV_1173,302263,true,4,Genetic Distance,true,0.0186183154582977,Genetic Distance,false,NA,
RES_1891,RES_1875,190467,true,47,Genetic Distance,true,0.0192046798765659,Genetic Distance,false,NA,
RES_1214,RES_1800,210712,true,18,Genetic Distance,true,0.0192576553672552,Genetic Distance,false,NA,
HIV_1066,HIV_1155,302293,true,4,Genetic Distance,true,0.0193565469235182,Genetic Distance,false,NA,
HIV_1066,RES_1547,302416,true,4,Genetic Distance,true,0.0193913653492928,Genetic Distance,false,NA,
HIV_1066,HIV_1317,302268,true,4,Genetic Distance,true,0.0193956512957811,Genetic Distance,false,NA,
RES_2005,HIV_1173,293771,true,4,Genetic Distance,true,0.0194642972201109,Genetic Distance,false,NA,
HIV_1057,HIV_1059,301443,true,6,Genetic Distance,true,0.0197931975126266,Genetic Distance,false,NA,
RES_2005,HIV_1174,293770,true,4,Genetic Distance,true,0.0200712084770203,Genetic Distance,false,NA,
HIV_1066,RES_1702,302339,true,4,Genetic Distance,true,0.0201321970671415,Genetic Distance,false,NA,
HIV_1066,RES_1326,302601,true,4,Genetic Distance,true,0.0201461389660835,Genetic Distance,false,NA,
HIV_1066,RES_1518,302280,true,4,Genetic Distance,true,0.020210413262248,Genetic Distance,false,NA,
RES_1214,RES_1197,210832,true,18,Genetic Distance,true,0.0202651657164097,Genetic Distance,false,NA,
RES_1599,RES_1800,303467,true,18,Genetic Distance,true,0.0206519458442926,Genetic Distance,false,NA,
RES_1316,RES_1343,262234,true,46,Genetic Distance,true,0.0207179300487041,Genetic Distance,false,NA,
RES_1192,RES_1330,308017,true,134,Genetic Distance,true,0.0207214150577784,Genetic Distance,false,NA,
RES_1316,RES_1316A,262101,true,46,Genetic Distance,true,0.020772123709321,Genetic Distance,false,NA,
HIV_1066,RES_1566,302380,true,4,Genetic Distance,true,0.0208664555102587,Genetic Distance,false,NA,
HIV_1066,RES_1483,302260,true,4,Genetic Distance,true,0.0208692569285631,Genetic Distance,false,NA,
HIV_1066,RES_1677,302315,true,4,Genetic Distance,true,0.0208832286298275,Genetic Distance,false,NA,
HIV_1066,RES_1496,302294,true,4,Genetic Distance,true,0.0208833441138268,Genetic Distance,false,NA,
HIV_1066,HIV_1301a,302289,true,4,Genetic Distance,true,0.020884258672595,Genetic Distance,false,NA,
HIV_1066,RES_1928,302257,true,4,Genetic Distance,true,0.020885931327939,Genetic Distance,false,NA,
HIV_1066,RES_1376,302306,true,4,Genetic Distance,true,0.020897414535284,Genetic Distance,false,NA,
HIV_1066,RES_1730,302328,true,4,Genetic Distance,true,0.0209207534790039,Genetic Distance,false,NA,
HIV_1066,HIV_1145,302259,true,4,Genetic Distance,true,0.0209362283349037,Genetic Distance,false,NA,
HIV_1066,HIV_1181,302395,true,4,Genetic Distance,true,0.0209441054612398,Genetic Distance,false,NA,
HIV_1066,HIV_1313,302356,true,4,Genetic Distance,true,0.0209603551775217,Genetic Distance,false,NA,
HIV_1066,HIV_1053,302990,true,4,Genetic Distance,true,0.0210078563541174,Genetic Distance,false,NA,
HIV_1066,RES_1859,302463,true,4,Genetic Distance,true,0.0210132263600826,Genetic Distance,false,NA,
HIV_1001,HIV_1021,211856,true,4,Genetic Distance,true,0.0211252067238092,Genetic Distance,false,NA,
HIV_1054,HIV_1067,309103,true,4,Genetic Distance,true,0.0214440766721964,Genetic Distance,false,NA,
RES_1192,RES_1332,308119,true,134,Genetic Distance,true,0.0214847456663847,Genetic Distance,false,NA,
RES_1278,RES_1197,226012,true,18,Genetic Distance,true,0.0216082911938429,Genetic Distance,false,NA,
HIV_1066,RES_1266,302292,true,4,Genetic Distance,true,0.0216221809387207,Genetic Distance,false,NA,
HIV_1066,RES_1329,302667,true,4,Genetic Distance,true,0.0216362494975328,Genetic Distance,false,NA,
HIV_1066,RES_1908,302375,true,4,Genetic Distance,true,0.0216612555086613,Genetic Distance,false,NA,
HIV_1066,HIV_1031,302400,true,4,Genetic Distance,true,0.0216881092637777,Genetic Distance,false,NA,
RES_1278,RES_1800,225892,true,18,Genetic Distance,true,0.0219526030123234,Genetic Distance,false,NA,
HIV_1066,RES_1222,302273,true,4,Genetic Distance,true,0.0223743971437216,Genetic Distance,false,NA,
HIV_1066,HIV_1156,302333,true,4,Genetic Distance,true,0.0223886538296938,Genetic Distance,false,NA,
RES_1316,RES_1482,262270,true,46,Genetic Distance,true,0.0224187765270472,Genetic Distance,false,NA,
HIV_1066,RES_1187,302302,true,4,Genetic Distance,true,0.0224241781979799,Genetic Distance,false,NA,
HIV_1066,RES_1512,302508,true,4,Genetic Distance,true,0.0224624238908291,Genetic Distance,false,NA,
HIV_1066,RES_1764,302286,true,4,Genetic Distance,true,0.0224684774875641,Genetic Distance,false,NA,
RES_2005,HIV_1353,293830,true,4,Genetic Distance,true,0.0224766358733177,Genetic Distance,false,NA,
HIV_1066,HIV_1176,302348,true,4,Genetic Distance,true,0.0224792696535587,Genetic Distance,false,NA,
HIV_1066,RES_1501,302408,true,4,Genetic Distance,true,0.0224901717156172,Genetic Distance,false,NA,
HIV_1066,RES_1673,302317,true,4,Genetic Distance,true,0.0225153025239706,Genetic Distance,false,NA,
RES_1757,RES_1197,206317,true,18,Genetic Distance,true,0.0229073502123356,Genetic Distance,false,NA,
HIV_1066,HIV_1369,302291,true,4,Genetic Distance,true,0.0231585651636124,Genetic Distance,false,NA,
HIV_1066,RES_1104b,302484,true,4,Genetic Distance,true,0.0231680497527122,Genetic Distance,false,NA,
HIV_1066,RES_1701,302392,true,4,Genetic Distance,true,0.0231766980141401,Genetic Distance,false,NA,
HIV_1066,HIV_1316,302266,true,4,Genetic Distance,true,0.0231859348714352,Genetic Distance,false,NA,
HIV_1017,HIV_1091,231847,true,4,Genetic Distance,true,0.0232282932847738,Genetic Distance,false,NA,
RES_1912,RES_1519,284975,true,4,Genetic Distance,true,0.0234218835830688,Genetic Distance,false,NA,
HIV_1066,RES_2005,303020,true,4,Genetic Distance,true,0.0234400983899832,Genetic Distance,false,NA,
RES_1599,RES_1214,303680,true,18,Genetic Distance,true,0.0236551817506552,Genetic Distance,false,NA,
HIV_1066,HIV_1353,302322,true,4,Genetic Distance,true,0.0238698627799749,Genetic Distance,false,NA,
HIV_1066,RES_1367,302332,true,4,Genetic Distance,true,0.0239073950797319,Genetic Distance,false,NA,
HIV_1066,RES_1319,302264,true,4,Genetic Distance,true,0.0239129476249218,Genetic Distance,false,NA,
HIV_1066,RES_1476,302381,true,4,Genetic Distance,true,0.0239291843026876,Genetic Distance,false,NA,
HIV_1066,HIV_1149,302253,true,4,Genetic Distance,true,0.0239299312233925,Genetic Distance,false,NA,
HIV_1066,RES_1182,302361,true,4,Genetic Distance,true,0.0239347796887159,Genetic Distance,false,NA,
HIV_1066,RES_1194,302318,true,4,Genetic Distance,true,0.0239374693483114,Genetic Distance,false,NA,
HIV_1066,HIV_1356,302357,true,4,Genetic Distance,true,0.0239682849496603,Genetic Distance,false,NA,
HIV_1066,HIV_1324,302298,true,4,Genetic Distance,true,0.0239875987172127,Genetic Distance,false,NA,
HIV_1066,RES_1353,302404,true,4,Genetic Distance,true,0.0239885523915291,Genetic Distance,false,NA,
HIV_1066,HIV_1049,302446,true,4,Genetic Distance,true,0.023999709635973,Genetic Distance,false,NA,
HIV_1066,HIV_1224,302479,true,4,Genetic Distance,true,0.0240071602165699,Genetic Distance,false,NA,
HIV_1066,RES_1450,302270,true,4,Genetic Distance,true,0.0240113567560911,Genetic Distance,false,NA,
HIV_1066,HIV_1292,302358,true,4,Genetic Distance,true,0.0240166559815407,Genetic Distance,false,NA,
HIV_1066,HIV_1184,302374,true,4,Genetic Distance,true,0.0240936391055584,Genetic Distance,false,NA,
HIV_1066,RES_1138,302496,true,4,Genetic Distance,true,0.0241524651646614,Genetic Distance,false,NA,
RES_2005,RES_1518,293788,true,4,Genetic Distance,true,0.0244121327996254,Genetic Distance,false,NA,
RES_1220,RES_1846,223337,true,303,Genetic Distance,true,0.024446876719594,Genetic Distance,false,NA,
HIV_1054,RES_1104b,308736,true,4,Genetic Distance,true,0.0244909580796957,Genetic Distance,false,NA,
HIV_1054,HIV_1374,309075,true,4,Genetic Distance,true,0.0245378091931343,Genetic Distance,false,NA,
RES_1912,RES_1313,285061,true,4,Genetic Distance,true,0.0245642829686403,Genetic Distance,false,NA,
HIV_1066,HIV_1333,302991,true,4,Genetic Distance,true,0.0245973207056522,Genetic Distance,false,NA,
HIV_1066,RES_1398,302372,true,4,Genetic Distance,true,0.0246409587562084,Genetic Distance,false,NA,
HIV_1066,HIV_1318,302313,true,4,Genetic Distance,true,0.0246461685746908,Genetic Distance,false,NA,
HIV_1066,HIV_1174,302262,true,4,Genetic Distance,true,0.0246909894049168,Genetic Distance,false,NA,
HIV_1066,RES_1188,302303,true,4,Genetic Distance,true,0.0246961452066898,Genetic Distance,false,NA,
HIV_1066,HIV_1015,302478,true,4,Genetic Distance,true,0.0247242581099272,Genetic Distance,false,NA,
RES_1192,RES_1406,308460,true,134,Genetic Distance,true,0.0247566439211369,Genetic Distance,false,NA,
HIV_1066,RES_1708,302520,true,4,Genetic Distance,true,0.0247602369636297,Genetic Distance,false,NA,
HIV_1066,RES_1410,302405,true,4,Genetic Distance,true,0.0247892830520868,Genetic Distance,false,NA,
HIV_1066,HIV_1217,302267,true,4,Genetic Distance,true,0.024796349927783,Genetic Distance,false,NA,
HIV_1066,HIV_1177,302349,true,4,Genetic Distance,true,0.0248427521437407,Genetic Distance,false,NA,
RES_2005,RES_1483,293768,true,4,Genetic Distance,true,0.0248772948980331,Genetic Distance,false,NA,
RES_2005,RES_1202,293779,true,4,Genetic Distance,true,0.0249111745506525,Genetic Distance,false,NA,
HIV_1268,HIV_1260,99680,true,454,Genetic Distance,true,0,Genetic Distance,false,NA,
HIV_1357,HIV_1346,15224,true,367,Genetic Distance,true,0,Genetic Distance,false,NA,
RES_1320,RES_1323,68993,true,97,Genetic Distance,true,0,Genetic Distance,false,NA,
HIV_1269,HIV_1260,112073,true,454,Genetic Distance,true,0.000511405349243432,Genetic Distance,false,NA,
HIV_1269,HIV_1268,112074,true,454,Genetic Distance,true,0.000511405349243432,Genetic Distance,false,NA,
RES_1303,RES_1230,37127,true,366,Genetic Distance,true,0.00102235353551805,Genetic Distance,false,NA,
RES_1606,RES_1527,9828,true,453,Genetic Distance,true,0.00102236762177199,Genetic Distance,false,NA,
HIV_1025,HIV_1024,3303,true,12,Genetic Distance,true,0.00102341233287007,Genetic Distance,false,NA,
HIV_1257a,HIV_1257b,43336,true,4,Genetic Distance,true,0.00102417916059494,Genetic Distance,false,NA,
RES_1522,RES_1230,59267,true,366,Genetic Distance,true,0.0015339219244197,Genetic Distance,false,NA,
RES_1315,RES_1303,47858,true,366,Genetic Distance,true,0.00153392239008099,Genetic Distance,false,NA,
RES_1315,RES_1230,47857,true,366,Genetic Distance,true,0.00153404904995114,Genetic Distance,false,NA,
RES_1522,RES_1303,59268,true,366,Genetic Distance,true,0.00153472914826125,Genetic Distance,false,NA,
RES_1522,RES_1315,59305,true,366,Genetic Distance,true,0.00204590801149607,Genetic Distance,false,NA,
RES_1280,RES_1484,2680,true,245,Genetic Distance,true,0.00204649660736322,Genetic Distance,false,NA,
HIV_1093,HIV_1099,30812,true,385,Genetic Distance,true,0.00255942833609879,Genetic Distance,false,NA,
HIV_1076,HIV_1075,86255,true,498,Genetic Distance,true,0.00256072962656617,Genetic Distance,false,NA,
HIV_1257,HIV_1257b,55211,true,4,Genetic Distance,true,0.00307207857258618,Genetic Distance,false,NA,
HIV_1327,HIV_1326,63123,true,42,Genetic Distance,true,0.00307731772772968,Genetic Distance,false,NA,
HIV_1293,HIV_1292,20205,true,4,Genetic Distance,true,0.00308212172240019,Genetic Distance,false,NA,
HIV_1188,HIV_1246,107370,true,4,Genetic Distance,true,0.00358720659278333,Genetic Distance,false,NA,
RES_1996,RES_1994,3876,true,128,Genetic Distance,true,0.00410024588927627,Genetic Distance,false,NA,
HIV_1257,HIV_1257a,55240,true,4,Genetic Distance,true,0.0041037262417376,Genetic Distance,false,NA,
HIV_1280,HIV_1257b,55543,true,4,Genetic Distance,true,0.00410714047029614,Genetic Distance,false,NA,
HIV_1346,HIV_1345,15014,true,367,Genetic Distance,true,0.00461226049810648,Genetic Distance,false,NA,
HIV_1357,HIV_1345,15187,true,367,Genetic Distance,true,0.00461226049810648,Genetic Distance,false,NA,
HIV_1270,HIV_1271,48791,true,4,Genetic Distance,true,0.00461644353345037,Genetic Distance,false,NA,
RES_1291,RES_1291b,11001,true,531,Genetic Distance,true,0.00513057364150882,Genetic Distance,false,NA,
HIV_1280,HIV_1257a,55572,true,4,Genetic Distance,true,0.00513261742889881,Genetic Distance,false,NA,
HIV_1247,HIV_1246,87570,true,4,Genetic Distance,true,0.00513600744307041,Genetic Distance,false,NA,
RES_1872,HIV_1324,6600,true,4,Genetic Distance,true,0.00513998232781887,Genetic Distance,false,NA,
RES_1549,HIV_1183,42975,true,67,Genetic Distance,true,0.00564691051840782,Genetic Distance,false,NA,
HIV_1335,HIV_1336,104124,true,546,Genetic Distance,true,0.00564977480098605,Genetic Distance,false,NA,
HIV_1185,HIV_1183,34913,true,67,Genetic Distance,true,0.00565535482019186,Genetic Distance,false,NA,
RES_1158,RES_1309,20386,true,104,Genetic Distance,true,0.0056612528860569,Genetic Distance,false,NA,
RES_1322a,RES_1322,58527,true,359,Genetic Distance,true,0.00616477290168405,Genetic Distance,false,NA,
RES_1781,RES_1523,129662,true,341,Genetic Distance,true,0.00616780435666442,Genetic Distance,false,NA,
RES_1549,HIV_1185,43042,true,67,Genetic Distance,true,0.00616780715063214,Genetic Distance,false,NA,
RES_1266,RES_1263,767,true,4,Genetic Distance,true,0.00619943533092737,Genetic Distance,false,NA,
HIV_1280,HIV_1257,55610,true,4,Genetic Distance,true,0.0066752010025084,Genetic Distance,false,NA,
HIV_1071,HIV_1074,36496,true,345,Genetic Distance,true,0.00667556282132864,Genetic Distance,false,NA,
RES_1742,RES_1713,115346,true,575,Genetic Distance,true,0.00667743338271976,Genetic Distance,false,NA,
RES_1182,RES_1187,5827,true,4,Genetic Distance,true,0.00667899521067739,Genetic Distance,false,NA,
RES_1303,HIV_1267,36972,true,366,Genetic Distance,true,0.00667985063046217,Genetic Distance,false,NA,
RES_1482,RES_1343,148204,true,46,Genetic Distance,true,0.00670187221840024,Genetic Distance,false,NA,
RES_1329,RES_1326,85839,true,4,Genetic Distance,true,0.00719075137749314,Genetic Distance,false,NA,
RES_1435,RES_1539,26293,true,589,Genetic Distance,true,0.00719896657392383,Genetic Distance,false,NA,
HIV_1323,HIV_1322,91241,true,105,Genetic Distance,true,0.0072062611579895,Genetic Distance,false,NA,
RES_1230,HIV_1267,36701,true,366,Genetic Distance,true,0.00771442335098982,Genetic Distance,false,NA,
HIV_1304,HIV_1303,184385,true,281,Genetic Distance,true,0.0077175754122436,Genetic Distance,false,NA,
RES_1557,RES_1556,11125,true,535,Genetic Distance,true,0.00771856214851141,Genetic Distance,false,NA,
RES_1291a,RES_1291b,24876,true,531,Genetic Distance,true,0.0082285962998867,Genetic Distance,false,NA,
RES_1315,HIV_1267,47702,true,366,Genetic Distance,true,0.00823010317981243,Genetic Distance,false,NA,
RES_1260,RES_1196,122603,true,236,Genetic Distance,true,0.00823332369327545,Genetic Distance,false,NA,
RES_1607,RES_1608,9988,true,452,Genetic Distance,true,0.00823371857404709,Genetic Distance,false,NA,
RES_1522,HIV_1267,59112,true,366,Genetic Distance,true,0.0082349581643939,Genetic Distance,false,NA,
HIV_1188,HIV_1247,107371,true,4,Genetic Distance,true,0.00824512541294098,Genetic Distance,false,NA,
HIV_1156,HIV_1155,3200,true,4,Genetic Distance,true,0.00824594683945179,Genetic Distance,false,NA,
HIV_1256,HIV_1255,31521,true,487,Genetic Distance,true,0.00825174525380135,Genetic Distance,false,NA,
RES_1291a,RES_1291,24901,true,531,Genetic Distance,true,0.0087452232837677,Genetic Distance,false,NA,
HIV_1069,HIV_1070,27420,true,12,Genetic Distance,true,0.00875590182840824,Genetic Distance,false,NA,
HIV_1275,HIV_1267,83552,true,366,Genetic Distance,true,0.00875956006348133,Genetic Distance,false,NA,
HIV_1342,HIV_1341,6042,true,195,Genetic Distance,true,0.00878459494560957,Genetic Distance,false,NA,
RES_2035,RES_1713,175914,true,575,Genetic Distance,true,0.00926057435572147,Genetic Distance,false,NA,
HIV_1083,HIV_1257,75798,true,4,Genetic Distance,true,0.00926640070974827,Genetic Distance,false,NA,
HIV_1251,HIV_1250,132779,true,61,Genetic Distance,true,0.00926760770380497,Genetic Distance,false,NA,
HIV_1261,HIV_1262,33096,true,103,Genetic Distance,true,0.00927558168768883,Genetic Distance,false,NA,
HIV_1151,HIV_1104,77248,true,63,Genetic Distance,true,0.00929156877100468,Genetic Distance,false,NA,
RES_1343,RES_1316A,129153,true,46,Genetic Distance,true,0.00932313036173582,Genetic Distance,false,NA,
HIV_1233,HIV_1235,89626,true,53,Genetic Distance,true,0.00977699737995863,Genetic Distance,false,NA,
RES_1313,HIV_1257,90857,true,4,Genetic Distance,true,0.00978455320000648,Genetic Distance,false,NA,
RES_1385,RES_1994,16701,true,128,Genetic Distance,true,0.00979802384972572,Genetic Distance,false,NA,
HIV_1125,HIV_1121,6177,true,4,Genetic Distance,true,0.00979828368872404,Genetic Distance,false,NA,
RES_1840,RES_1840a,180636,true,242,Genetic Distance,true,0.00986302271485329,Genetic Distance,false,NA,
HIV_1083,HIV_1257b,75731,true,4,Genetic Distance,true,0.0103013273328543,Genetic Distance,false,NA,
HIV_1307,HIV_1308,20812,true,115,Genetic Distance,true,0.0103136077523232,Genetic Distance,false,NA,
HIV_1302,HIV_1301a,10476,true,4,Genetic Distance,true,0.010339479893446,Genetic Distance,false,NA,
HIV_1037,HIV_1030,131046,true,2,Genetic Distance,true,0.0104125682264566,Genetic Distance,false,NA,
RES_1313,HIV_1202,90823,true,4,Genetic Distance,true,0.0108087295666337,Genetic Distance,false,NA,
HIV_1257,HIV_1202,55244,true,4,Genetic Distance,true,0.010813208296895,Genetic Distance,false,NA,
RES_1313,HIV_1257b,90790,true,4,Genetic Distance,true,0.010826600715518,Genetic Distance,false,NA,
RES_1313,HIV_1083,90914,true,4,Genetic Distance,true,0.0108316401019692,Genetic Distance,false,NA,
RES_1505,HIV_1250,135884,true,61,Genetic Distance,true,0.010837665759027,Genetic Distance,false,NA,
HIV_1360,HIV_1361,144794,true,356,Genetic Distance,true,0.0108548551797867,Genetic Distance,false,NA,
RES_1482,RES_1316A,148071,true,46,Genetic Distance,true,0.0109083829447627,Genetic Distance,false,NA,
HIV_1195,HIV_1194,85458,true,456,Genetic Distance,true,0.0113379247486591,Genetic Distance,false,NA,
HIV_1083,HIV_1257a,75760,true,4,Genetic Distance,true,0.011346222832799,Genetic Distance,false,NA,
HIV_1122,HIV_1267,11291,true,366,Genetic Distance,true,0.011358636431396,Genetic Distance,false,NA,
RES_1601,RES_2033,46352,true,217,Genetic Distance,true,0.0113645829260349,Genetic Distance,false,NA,
RES_1519,HIV_1257,57962,true,4,Genetic Distance,true,0.0113669466227293,Genetic Distance,false,NA,
HIV_1236,HIV_1295,76868,true,53,Genetic Distance,true,0.0113732935860753,Genetic Distance,false,NA,
HIV_1258,HIV_1257b,92071,true,4,Genetic Distance,true,0.0114424927160144,Genetic Distance,false,NA,
HIV_1202,HIV_1257b,44518,true,4,Genetic Distance,true,0.0118523240089417,Genetic Distance,false,NA,
HIV_1083,HIV_1202,75764,true,4,Genetic Distance,true,0.0118523528799415,Genetic Distance,false,NA,
HIV_1214,HIV_1217,314,true,4,Genetic Distance,true,0.0118619566783309,Genetic Distance,false,NA,
RES_1385,RES_1996,16741,true,128,Genetic Distance,true,0.0118741365149617,Genetic Distance,false,NA,
RES_1313,HIV_1257a,90819,true,4,Genetic Distance,true,0.0118771437555552,Genetic Distance,false,NA,
HIV_1227,HIV_1230,170152,true,352,Genetic Distance,true,0.0123689407482743,Genetic Distance,false,NA,
RES_1519,HIV_1257b,57895,true,4,Genetic Distance,true,0.0123944971710443,Genetic Distance,false,NA,
HIV_1083,RES_1519,75806,true,4,Genetic Distance,true,0.0124004129320383,Genetic Distance,false,NA,
HIV_1002,HIV_1021,83309,true,4,Genetic Distance,true,0.0124006690457463,Genetic Distance,false,NA,
RES_1197,RES_1800,154726,true,18,Genetic Distance,true,0.0124070979654789,Genetic Distance,false,NA,
HIV_1080,HIV_1081,88312,true,28,Genetic Distance,true,0.0124292485415936,Genetic Distance,false,NA,
RES_1981,RES_1782,175527,true,514,Genetic Distance,true,0.0124645931646228,Genetic Distance,false,NA,
HIV_1258,HIV_1257a,92100,true,4,Genetic Distance,true,0.0124721564352512,Genetic Distance,false,NA,
HIV_1202,HIV_1257a,44547,true,4,Genetic Distance,true,0.0128998262807727,Genetic Distance,false,NA,
HIV_1123,HIV_1125,86431,true,4,Genetic Distance,true,0.0129100922495127,Genetic Distance,false,NA,
RES_1313,RES_1519,90865,true,4,Genetic Distance,true,0.0129224983975291,Genetic Distance,false,NA,
HIV_1222,HIV_1223,17173,true,547,Genetic Distance,true,0.012960652820766,Genetic Distance,false,NA,
RES_1601,RES_1134,46268,true,217,Genetic Distance,true,0.0134204784408212,Genetic Distance,false,NA,
RES_1284,RES_1659,124967,true,368,Genetic Distance,true,0.013422628864646,Genetic Distance,false,NA,
RES_1519,HIV_1257a,57924,true,4,Genetic Distance,true,0.0134365502744913,Genetic Distance,false,NA,
HIV_1248,HIV_1249,71094,true,380,Genetic Distance,true,0.013438219204545,Genetic Distance,false,NA,
HIV_1173,HIV_1174,54,true,4,Genetic Distance,true,0.0134397782385349,Genetic Distance,false,NA,
HIV_1015,HIV_1016,25424,true,4,Genetic Distance,true,0.0134436739608645,Genetic Distance,false,NA,
HIV_1233,HIV_1236,89645,true,53,Genetic Distance,true,0.0134476851671934,Genetic Distance,false,NA,
HIV_1276,HIV_1281,14432,true,35,Genetic Distance,true,0.0134535608813167,Genetic Distance,false,NA,
RES_1387,RES_1994,60774,true,128,Genetic Distance,true,0.0134550193324685,Genetic Distance,false,NA,
RES_1973,RES_1781,183219,true,341,Genetic Distance,true,0.0134657006710768,Genetic Distance,false,NA,
HIV_1072,HIV_1074,23186,true,345,Genetic Distance,true,0.0134746078401804,Genetic Distance,false,NA,
HIV_1314,HIV_1313,61879,true,4,Genetic Distance,true,0.0134765738621354,Genetic Distance,false,NA,
HIV_1021,HIV_1245,39441,true,4,Genetic Distance,true,0.0137450229376554,Genetic Distance,false,NA,
RES_2035,RES_1742,176008,true,575,Genetic Distance,true,0.0139350052922964,Genetic Distance,false,NA,
RES_1480,RES_1450,30893,true,4,Genetic Distance,true,0.013948024250567,Genetic Distance,false,NA,
HIV_1235,HIV_1295,69610,true,53,Genetic Distance,true,0.0139587316662073,Genetic Distance,false,NA,
HIV_1233,HIV_1295,89485,true,53,Genetic Distance,true,0.0139823146164417,Genetic Distance,false,NA,
HIV_1071,HIV_1072,36530,true,345,Genetic Distance,true,0.0139834564179182,Genetic Distance,false,NA,
HIV_1152,HIV_1151,106884,true,63,Genetic Distance,true,0.0139920013025403,Genetic Distance,false,NA,
RES_1939,RES_1134,103497,true,217,Genetic Distance,true,0.0140068763867021,Genetic Distance,false,NA,
RES_1995,RES_1994,22203,true,128,Genetic Distance,true,0.0144713716581464,Genetic Distance,false,NA,
HIV_1083,HIV_1280,75799,true,4,Genetic Distance,true,0.0144777037203312,Genetic Distance,false,NA,
HIV_1242,RES_1994,20958,true,128,Genetic Distance,true,0.0144839063286781,Genetic Distance,false,NA,
HIV_1241,HIV_1240,38967,true,548,Genetic Distance,true,0.0144849922508001,Genetic Distance,false,NA,
HIV_1278,HIV_1279,12764,true,66,Genetic Distance,true,0.0145070953294635,Genetic Distance,false,NA,
RES_1973,RES_1523,183086,true,341,Genetic Distance,true,0.014519908465445,Genetic Distance,false,NA,
HIV_1258,HIV_1257,92138,true,4,Genetic Distance,true,0.0145570691674948,Genetic Distance,false,NA,
RES_1519,HIV_1202,57928,true,4,Genetic Distance,true,0.0149832852184772,Genetic Distance,false,NA,
RES_1313,HIV_1280,90858,true,4,Genetic Distance,true,0.014997711405158,Genetic Distance,false,NA,
HIV_1152,HIV_1104,106711,true,63,Genetic Distance,true,0.0150037445127964,Genetic Distance,false,NA,
RES_1387,RES_1385,60909,true,128,Genetic Distance,true,0.0150067741051316,Genetic Distance,false,NA,
HIV_1177,HIV_1176,4655,true,4,Genetic Distance,true,0.0150171397253871,Genetic Distance,false,NA,
HIV_1315,HIV_1316,30148,true,4,Genetic Distance,true,0.0150789655745029,Genetic Distance,false,NA,
HIV_1199,HIV_1282,171974,true,454,Genetic Distance,true,0.0154946129769087,Genetic Distance,false,NA,
HIV_1236,HIV_1235,77009,true,53,Genetic Distance,true,0.0155149456113577,Genetic Distance,false,NA,
HIV_1242,RES_1996,20998,true,128,Genetic Distance,true,0.0155232762917876,Genetic Distance,false,NA,
RES_1387,RES_1996,60814,true,128,Genetic Distance,true,0.0155342509970069,Genetic Distance,false,NA,
HIV_1275,RES_1303,83708,true,366,Genetic Distance,true,0.0155510576441884,Genetic Distance,false,NA,
RES_1325,RES_1326,172339,true,4,Genetic Distance,true,0.0156019134446979,Genetic Distance,false,NA,
HIV_1258,HIV_1280,92139,true,4,Genetic Distance,true,0.0156845357269049,Genetic Distance,false,NA,
HIV_1280,HIV_1202,55576,true,4,Genetic Distance,true,0.0160313080996275,Genetic Distance,false,NA,
HIV_1265,HIV_1266,147693,true,554,Genetic Distance,true,0.0160327851772308,Genetic Distance,false,NA,
RES_2033,RES_1134,43872,true,217,Genetic Distance,true,0.0160551518201828,Genetic Distance,false,NA,
RES_1303,HIV_1122,37006,true,366,Genetic Distance,true,0.0160578619688749,Genetic Distance,false,NA,
RES_1355,RES_1353,74842,true,4,Genetic Distance,true,0.016112495213747,Genetic Distance,false,NA,
HIV_1196,HIV_1217,2429,true,4,Genetic Distance,true,0.0161228105425835,Genetic Distance,false,NA,
RES_1325,RES_1329,172405,true,4,Genetic Distance,true,0.0163471587002277,Genetic Distance,false,NA,
HIV_1231,HIV_1232,12446,true,4,Genetic Distance,true,0.0165548045188189,Genetic Distance,false,NA,
RES_1995,RES_1996,22243,true,128,Genetic Distance,true,0.0165641400963068,Genetic Distance,false,NA,
RES_1230,HIV_1122,36735,true,366,Genetic Distance,true,0.0165794491767883,Genetic Distance,false,NA,
RES_1890,RES_1875,176552,true,47,Genetic Distance,true,0.016581216827035,Genetic Distance,false,NA,
HIV_1275,RES_1230,83707,true,366,Genetic Distance,true,0.0166026223450899,Genetic Distance,false,NA,
RES_1519,HIV_1280,57963,true,4,Genetic Distance,true,0.0166038293391466,Genetic Distance,false,NA,
HIV_1219,HIV_1218,5153,true,4,Genetic Distance,true,0.0166138745844364,Genetic Distance,false,NA,
RES_1570,HIV_1202,130093,true,4,Genetic Distance,true,0.0170719567686319,Genetic Distance,false,NA,
HIV_1124,HIV_1123,119732,true,4,Genetic Distance,true,0.017099866643548,Genetic Distance,false,NA,
RES_1958,HIV_1021,146892,true,4,Genetic Distance,true,0.0171048361808062,Genetic Distance,false,NA,
HIV_1002,HIV_1245,83129,true,4,Genetic Distance,true,0.0171067602932453,Genetic Distance,false,NA,
HIV_1275,RES_1315,83745,true,366,Genetic Distance,true,0.0171233434230089,Genetic Distance,false,NA,
HIV_1275,RES_1522,83780,true,366,Genetic Distance,true,0.0171351712197065,Genetic Distance,false,NA,
HIV_1355,HIV_1372,13072,true,4,Genetic Distance,true,0.0171891711652279,Genetic Distance,false,NA,
HIV_1260,RES_1953,98970,true,454,Genetic Distance,true,0.0176120363175869,Genetic Distance,false,NA,
HIV_1268,RES_1953,99415,true,454,Genetic Distance,true,0.0176120363175869,Genetic Distance,false,NA,
HIV_1323,HIV_1321,91187,true,105,Genetic Distance,true,0.0176243484020233,Genetic Distance,false,NA,
RES_1315,HIV_1122,47736,true,366,Genetic Distance,true,0.0176264885812998,Genetic Distance,false,NA,
RES_1522,HIV_1122,59146,true,366,Genetic Distance,true,0.0176341682672501,Genetic Distance,false,NA,
RES_1838,HIV_1024,12153,true,12,Genetic Distance,true,0.0177136231213808,Genetic Distance,false,NA,
HIV_1269,RES_1953,111808,true,454,Genetic Distance,true,0.0181412771344185,Genetic Distance,false,NA,
HIV_1242,RES_1385,21093,true,128,Genetic Distance,true,0.0181593336164951,Genetic Distance,false,NA,
RES_1719,HIV_1024,18208,true,12,Genetic Distance,true,0.0181661788374186,Genetic Distance,false,NA,
RES_1505,HIV_1251,135975,true,61,Genetic Distance,true,0.0181689113378525,Genetic Distance,false,NA,
HIV_1202,HIV_1324,44298,true,4,Genetic Distance,true,0.0186601504683495,Genetic Distance,false,NA,
HIV_1024,RES_1801,2007,true,12,Genetic Distance,true,0.0186804886907339,Genetic Distance,false,NA,
RES_2007,RES_2015,90457,true,85,Genetic Distance,true,0.0187207087874413,Genetic Distance,false,NA,
HIV_1201,HIV_1369,899,true,4,Genetic Distance,true,0.0187359619885683,Genetic Distance,false,NA,
RES_1838,HIV_1025,12171,true,12,Genetic Distance,true,0.0187879707664251,Genetic Distance,false,NA,
HIV_1200,HIV_1201,3445,true,4,Genetic Distance,true,0.018802085891366,Genetic Distance,false,NA,
HIV_1232,HIV_1369,941,true,4,Genetic Distance,true,0.0189691390842199,Genetic Distance,false,NA,
RES_1570,RES_1313,130221,true,4,Genetic Distance,true,0.0192052889615297,Genetic Distance,false,NA,
HIV_1200,HIV_1232,3446,true,4,Genetic Distance,true,0.0192168410867453,Genetic Distance,false,NA,
RES_1719,HIV_1025,18226,true,12,Genetic Distance,true,0.0192321017384529,Genetic Distance,false,NA,
HIV_1355,HIV_1356,13145,true,4,Genetic Distance,true,0.0192579030990601,Genetic Distance,false,NA,
RES_1719,RES_1838,18301,true,12,Genetic Distance,true,0.0192585662007332,Genetic Distance,false,NA,
RES_1508,RES_1509,65835,true,198,Genetic Distance,true,0.0193640161305666,Genetic Distance,false,NA,
HIV_1202,RES_1872,44368,true,4,Genetic Distance,true,0.019706005230546,Genetic Distance,false,NA,
RES_1570,HIV_1257,130127,true,4,Genetic Distance,true,0.0197277292609215,Genetic Distance,false,NA,
RES_1332,RES_1212,79643,true,134,Genetic Distance,true,0.019739530980587,Genetic Distance,false,NA,
HIV_1275,HIV_1122,83586,true,366,Genetic Distance,true,0.0197425466030836,Genetic Distance,false,NA,
HIV_1025,RES_1801,3294,true,12,Genetic Distance,true,0.0197448264807463,Genetic Distance,false,NA,
HIV_1356,HIV_1372,5387,true,4,Genetic Distance,true,0.0197517909109592,Genetic Distance,false,NA,
RES_1588,RES_1666,152436,true,125,Genetic Distance,true,0.0197631679475307,Genetic Distance,false,NA,
HIV_1124,HIV_1125,119427,true,4,Genetic Distance,true,0.0197678599506617,Genetic Distance,false,NA,
RES_1919,RES_1956,109254,true,417,Genetic Distance,true,0.0197759810835123,Genetic Distance,false,NA,
RES_1995,RES_1385,22338,true,128,Genetic Distance,true,0.020264895632863,Genetic Distance,false,NA,
HIV_1364,RES_1319,287,true,4,Genetic Distance,true,0.0202823672443628,Genetic Distance,false,NA,
RES_1733,HIV_1257,169403,true,4,Genetic Distance,true,0.0202847439795732,Genetic Distance,false,NA,
RES_1330,RES_1212,44198,true,134,Genetic Distance,true,0.0202971361577511,Genetic Distance,false,NA,
RES_1939,RES_1601,103589,true,217,Genetic Distance,true,0.0203167647123337,Genetic Distance,false,NA,
RES_1570,HIV_1257b,130060,true,4,Genetic Distance,true,0.020780423656106,Genetic Distance,false,NA,
HIV_1257,HIV_1324,54991,true,4,Genetic Distance,true,0.0207808017730713,Genetic Distance,false,NA,
HIV_1322,HIV_1321,42141,true,105,Genetic Distance,true,0.0207974128425121,Genetic Distance,false,NA,
RES_1570,HIV_1083,130184,true,4,Genetic Distance,true,0.0208009388297796,Genetic Distance,false,NA,
HIV_1334,RES_1450,6345,true,4,Genetic Distance,true,0.0208018627017736,Genetic Distance,false,NA,
RES_1332,RES_1330,79698,true,134,Genetic Distance,true,0.0208203252404928,Genetic Distance,false,NA,
RES_1570,RES_1519,130135,true,4,Genetic Distance,true,0.0208332873880863,Genetic Distance,false,NA,
RES_1661,HIV_1364,15600,true,4,Genetic Distance,true,0.0208357870578766,Genetic Distance,false,NA,
RES_2007,RES_1211,90261,true,85,Genetic Distance,true,0.0208387766033411,Genetic Distance,false,NA,
RES_1387,RES_1995,60937,true,128,Genetic Distance,true,0.0208435505628586,Genetic Distance,false,NA,
RES_1145a,RES_1145,93940,true,292,Genetic Distance,true,0.0208564568310976,Genetic Distance,false,NA,
HIV_1373,HIV_1243,28440,true,126,Genetic Distance,true,0.0208897180855274,Genetic Distance,false,NA,
HIV_1200,HIV_1369,3441,true,4,Genetic Distance,true,0.0209536794573069,Genetic Distance,false,NA,
RES_1677,HIV_1192,1903,true,4,Genetic Distance,true,0.0213313885033131,Genetic Distance,false,NA,
HIV_1123,HIV_1121,86392,true,4,Genetic Distance,true,0.0213328376412392,Genetic Distance,false,NA,
HIV_1173,HIV_1218,47,true,4,Genetic Distance,true,0.0213349536061287,Genetic Distance,false,NA,
HIV_1271,HIV_1245,37776,true,4,Genetic Distance,true,0.0213433671742678,Genetic Distance,false,NA,
RES_1914,RES_1543,9584,true,165,Genetic Distance,true,0.0213463790714741,Genetic Distance,false,NA,
RES_1487,RES_1450,28937,true,4,Genetic Distance,true,0.0213522911071777,Genetic Distance,false,NA,
HIV_1196,HIV_1214,2440,true,4,Genetic Distance,true,0.0213748924434185,Genetic Distance,false,NA,
RES_1248,RES_1245,180253,true,229,Genetic Distance,true,0.0218062475323677,Genetic Distance,false,NA,
HIV_1199,RES_1953,171585,true,454,Genetic Distance,true,0.0218082927167416,Genetic Distance,false,NA,
HIV_1257b,HIV_1324,35025,true,4,Genetic Distance,true,0.0218176245689392,Genetic Distance,false,NA,
RES_1995,HIV_1242,22360,true,128,Genetic Distance,true,0.0218251347541809,Genetic Distance,false,NA,
RES_1733,HIV_1280,169404,true,4,Genetic Distance,true,0.021825835108757,Genetic Distance,false,NA,
RES_1570,HIV_1257a,130089,true,4,Genetic Distance,true,0.0218467377126217,Genetic Distance,false,NA,
RES_1733,HIV_1257b,169336,true,4,Genetic Distance,true,0.0218485165387392,Genetic Distance,false,NA,
RES_1387,HIV_1242,60931,true,128,Genetic Distance,true,0.0218501817435026,Genetic Distance,false,NA,
HIV_1067,HIV_1367,179069,true,4,Genetic Distance,true,0.021852495148778,Genetic Distance,false,NA,
HIV_1374,HIV_1367,162731,true,4,Genetic Distance,true,0.0218615736812353,Genetic Distance,false,NA,
RES_1436,RES_1539,26065,true,589,Genetic Distance,true,0.021878007799387,Genetic Distance,false,NA,
RES_1939,RES_2033,103581,true,217,Genetic Distance,true,0.0218994971364737,Genetic Distance,false,NA,
RES_1731,RES_1900,74202,true,569,Genetic Distance,true,0.0219215173274279,Genetic Distance,false,NA,
RES_1770,HIV_1254,31307,true,472,Genetic Distance,true,0.0219326205551624,Genetic Distance,false,NA,
HIV_1258,HIV_1083,92195,true,4,Genetic Distance,true,0.0219604838639498,Genetic Distance,false,NA,
RES_1588,RES_1588b,152562,true,125,Genetic Distance,true,0.0219669342041016,Genetic Distance,false,NA,
HIV_1067,HIV_1246,178920,true,4,Genetic Distance,true,0.0220787990838289,Genetic Distance,false,NA,
RES_1733,HIV_1202,169369,true,4,Genetic Distance,true,0.0220947060734034,Genetic Distance,false,NA,
RES_1824,RES_1673,3980,true,4,Genetic Distance,true,0.0223507024347782,Genetic Distance,false,NA,
HIV_1067,HIV_1247,178921,true,4,Genetic Distance,true,0.0223557017743587,Genetic Distance,false,NA,
RES_1672,RES_1673,7939,true,4,Genetic Distance,true,0.0223572012037039,Genetic Distance,false,NA,
HIV_1146,HIV_1147,111503,true,458,Genetic Distance,true,0.0223572663962841,Genetic Distance,false,NA,
RES_1882,HIV_1125,51471,true,4,Genetic Distance,true,0.022362407296896,Genetic Distance,false,NA,
RES_1733,RES_1313,169497,true,4,Genetic Distance,true,0.0223627984523773,Genetic Distance,false,NA,
HIV_1121,HIV_1311,2588,true,4,Genetic Distance,true,0.0223775282502174,Genetic Distance,false,NA,
HIV_1217,RES_1483,98,true,4,Genetic Distance,true,0.0224146638065577,Genetic Distance,false,NA,
HIV_1258,RES_1313,92232,true,4,Genetic Distance,true,0.022470235824585,Genetic Distance,false,NA,
HIV_1257a,HIV_1324,43116,true,4,Genetic Distance,true,0.0228707436472178,Genetic Distance,false,NA,
RES_1519,HIV_1324,57675,true,4,Genetic Distance,true,0.0228771604597569,Genetic Distance,false,NA,
HIV_1088,HIV_1218,1542,true,4,Genetic Distance,true,0.0228805840015411,Genetic Distance,false,NA,
RES_1733,HIV_1257a,169365,true,4,Genetic Distance,true,0.0228954143822193,Genetic Distance,false,NA,
RES_1236,RES_1450,6803,true,4,Genetic Distance,true,0.0228962432593107,Genetic Distance,false,NA,
RES_1984,HIV_1024,18018,true,12,Genetic Distance,true,0.0229095183312893,Genetic Distance,false,NA,
RES_1190,RES_1332,81805,true,134,Genetic Distance,true,0.0229344628751278,Genetic Distance,false,NA,
HIV_1231,HIV_1369,12441,true,4,Genetic Distance,true,0.0229538287967443,Genetic Distance,false,NA,
HIV_1191,HIV_1192,390,true,4,Genetic Distance,true,0.0229616332799196,Genetic Distance,false,NA,
RES_1748,RES_1860,151906,true,205,Genetic Distance,true,0.0229692403227091,Genetic Distance,false,NA,
HIV_1258,HIV_1202,92104,true,4,Genetic Distance,true,0.0229723770171404,Genetic Distance,false,NA,
HIV_1070,RES_1801,12615,true,12,Genetic Distance,true,0.0230878777801991,Genetic Distance,false,NA,
HIV_1091,HIV_1015,47196,true,4,Genetic Distance,true,0.0233726464211941,Genetic Distance,false,NA,
RES_1313,HIV_1324,90570,true,4,Genetic Distance,true,0.0233887080103159,Genetic Distance,false,NA,
HIV_1067,HIV_1374,179073,true,4,Genetic Distance,true,0.0234346985816956,Genetic Distance,false,NA,
RES_1711,RES_1134,153947,true,217,Genetic Distance,true,0.0234379582107067,Genetic Distance,false,NA,
HIV_1125,HIV_1311,6137,true,4,Genetic Distance,true,0.0234398897737265,Genetic Distance,false,NA,
HIV_1031,HIV_1032,10828,true,4,Genetic Distance,true,0.0234406180679798,Genetic Distance,false,NA,
RES_1190,RES_1212,81648,true,134,Genetic Distance,true,0.0234751608222723,Genetic Distance,false,NA,
RES_1958,HIV_1002,147019,true,4,Genetic Distance,true,0.0235118176788092,Genetic Distance,false,NA,
RES_1518,HIV_1173,361,true,4,Genetic Distance,true,0.0235606506466866,Genetic Distance,false,NA,
HIV_1257a,RES_1872,43186,true,4,Genetic Distance,true,0.0239294525235891,Genetic Distance,false,NA,
HIV_1257,RES_1872,55061,true,4,Genetic Distance,true,0.0239379983395338,Genetic Distance,false,NA,
HIV_1083,HIV_1324,75511,true,4,Genetic Distance,true,0.0239614006131887,Genetic Distance,false,NA,
HIV_1270,HIV_1245,48617,true,4,Genetic Distance,true,0.0239716935902834,Genetic Distance,false,NA,
RES_1984,HIV_1025,18036,true,12,Genetic Distance,true,0.0239810682833195,Genetic Distance,false,NA,
RES_1711,RES_1601,154039,true,217,Genetic Distance,true,0.0239916518330574,Genetic Distance,false,NA,
RES_1435,RES_1436,26334,true,589,Genetic Distance,true,0.0239969436079264,Genetic Distance,false,NA,
HIV_1299,RES_1770,73021,true,472,Genetic Distance,true,0.0239970535039902,Genetic Distance,false,NA,
RES_1733,HIV_1083,169460,true,4,Genetic Distance,true,0.0239978469908237,Genetic Distance,false,NA,
HIV_1070,HIV_1024,12624,true,12,Genetic Distance,true,0.024001793935895,Genetic Distance,false,NA,
HIV_1031,HIV_1217,10745,true,4,Genetic Distance,true,0.0240118484944105,Genetic Distance,false,NA,
RES_1808,RES_1843,159214,true,473,Genetic Distance,true,0.0240131635218859,Genetic Distance,false,NA,
RES_1733,RES_1519,169411,true,4,Genetic Distance,true,0.0240155700594187,Genetic Distance,false,NA,
HIV_1124,HIV_1121,119388,true,4,Genetic Distance,true,0.0240234639495611,Genetic Distance,false,NA,
RES_1400,RES_1953,110865,true,454,Genetic Distance,true,0.0240253582596779,Genetic Distance,false,NA,
HIV_1305,HIV_1125,19026,true,4,Genetic Distance,true,0.0240301508456469,Genetic Distance,false,NA,
RES_1190,RES_1330,81703,true,134,Genetic Distance,true,0.0240304805338383,Genetic Distance,false,NA,
HIV_1305,HIV_1121,18987,true,4,Genetic Distance,true,0.0240525286644697,Genetic Distance,false,NA,
RES_1518,HIV_1174,360,true,4,Genetic Distance,true,0.0241056848317385,Genetic Distance,false,NA,
HIV_1258,RES_1519,92146,true,4,Genetic Distance,true,0.0241603050380945,Genetic Distance,false,NA,
RES_1863,HIV_1217,53642,true,4,Genetic Distance,true,0.0241925325244665,Genetic Distance,false,NA,
RES_1313,RES_1872,90640,true,4,Genetic Distance,true,0.0244487915188074,Genetic Distance,false,NA,
HIV_1067,HIV_1188,178966,true,4,Genetic Distance,true,0.0244685839861631,Genetic Distance,false,NA,
HIV_1367,HIV_1246,160312,true,4,Genetic Distance,true,0.0244781132787466,Genetic Distance,false,NA,
HIV_1173,HIV_1149,45,true,4,Genetic Distance,true,0.0244975741952658,Genetic Distance,false,NA,
HIV_1245,HIV_1317,5065,true,4,Genetic Distance,true,0.0245082397013903,Genetic Distance,false,NA,
RES_1882,HIV_1121,51432,true,4,Genetic Distance,true,0.0245116725564003,Genetic Distance,false,NA,
HIV_1173,RES_1358,53,true,4,Genetic Distance,true,0.0245346445590258,Genetic Distance,false,NA,
HIV_991,HIV_992,164424,true,71,Genetic Distance,true,0.0245757959783077,Genetic Distance,false,NA,
HIV_1021,HIV_1271,39615,true,4,Genetic Distance,true,0.0246238987892866,Genetic Distance,false,NA,
RES_1830,HIV_1257,182438,true,4,Genetic Distance,true,0.0246341768652201,Genetic Distance,false,NA,
RES_1753,RES_1450,37145,true,4,Genetic Distance,true,0.0246601682156324,Genetic Distance,false,NA,
RES_1133,RES_1133b,122851,true,255,Genetic Distance,true,0.0246725827455521,Genetic Distance,false,NA,
HIV_1311,RES_1222,516,true,4,Genetic Distance,true,0.0249778721481562,Genetic Distance,false,NA,
HIV_1282,RES_1953,161776,true,454,Genetic Distance,true,0.0249823741614819,Genetic Distance,false,NA,
HIV_1257b,RES_1872,35095,true,4,Genetic Distance,true,0.0249943435192108,Genetic Distance,false,NA,
RES_1198,RES_1197,311422,true,18,Genetic Distance,true,0.0137239200994372,Genetic Distance,false,NA,
RES_1198,RES_1800,311302,true,18,Genetic Distance,true,0.0198605395853519,Genetic Distance,false,NA,
